,partyKey,q0,q1,q2,q3,q4,q5,q6,q7,q8,q9,q10,q11,q12,q13,q14
0,8,1,1,4,4,4,2,5,1,1,1,4,4,4,4,4
1,8,1,3,4,2,5,4,2,3,3,2,1,1,3,2,2
2,8,1,2,1,3,5,3,3,1,1,3,4,3,2,5,2
3,8,1,4,1,2,5,5,3,3,1,2,4,2,3,4,4
4,8,1,2,3,1,2,4,3,1,4,2,2,4,4,5,4
5,8,3,5,1,3,1,1,5,3,3,3,4,5,3,5,4
6,8,1,3,2,3,5,5,4,3,3,3,4,5,4,4,5
7,6,1,4,2,4,5,5,5,5,2,2,2,5,2,5,4
8,2,3,3,5,5,4,2,4,1,2,4,5,3,5,4,3
9,2,4,1,5,5,5,4,4,2,3,3,5,3,5,5,3
10,2,4,2,5,5,5,4,3,2,3,2,4,3,5,3,2
11,2,4,2,5,5,3,4,1,1,5,5,5,5,3,5,1
12,7,1,1,3,1,5,5,5,5,1,2,4,5,1,5,5
13,7,2,1,2,2,5,5,4,5,1,2,2,5,2,5,5
14,7,1,1,5,3,5,5,5,3,3,3,5,5,1,2,3
15,7,1,2,1,2,4,5,5,4,1,1,3,5,2,4,5
16,7,1,1,1,1,5,5,4,5,1,1,4,5,1,2,5
17,4,3,3,5,5,2,3,4,1,4,4,4,2,5,5,1
18,1,3,1,2,5,5,3,5,1,5,5,5,1,5,5,1
19,1,2,2,3,5,4,5,2,1,5,5,4,1,4,4,1
20,9,4,2,4,5,4,2,4,1,4,5,4,3,5,3,1
21,9,5,2,5,5,2,5,4,1,4,5,5,3,5,5,1
22,9,4,2,5,5,3,2,4,1,3,4,4,2,5,2,1
23,9,4,5,5,5,5,3,1,1,4,4,4,1,5,2,1
24,3,1,1,3,3,3,5,5,5,3,1,1,5,1,5,5
25,3,1,1,2,4,2,5,5,5,1,1,1,5,1,5,5
26,3,1,1,1,3,5,5,4,5,3,1,3,5,1,5,5
27,8,2,1,1,2,5,4,4,4,1,2,4,4,2,4,5
28,8,2,4,1,1,4,5,4,4,1,1,1,5,1,2,4
29,6,1,2,3,4,5,5,5,1,2,1,4,5,1,4,2
30,6,1,2,3,1,5,5,5,3,1,1,1,5,3,4,4
31,2,2,3,5,1,3,1,1,1,2,3,5,2,4,5,3
32,5,5,1,5,5,1,1,4,1,5,2,5,5,5,3,3
33,7,1,4,1,2,3,4,4,3,2,2,4,5,2,4,4
34,7,1,2,1,1,5,5,5,3,1,1,4,5,1,5,5
35,7,2,3,1,1,5,5,5,5,1,1,1,5,2,5,5
36,9,4,3,4,5,2,2,3,2,2,3,5,3,5,3,1
37,9,4,4,3,5,3,5,3,4,1,1,5,5,5,5,5
38,9,4,4,4,5,1,4,3,2,2,1,3,2,4,5,4
39,9,3,4,3,4,1,5,5,2,3,3,4,4,4,4,2
40,0,1,2,1,1,4,5,5,5,1,1,5,5,1,5,5
41,8,1,2,3,2,4,4,5,4,1,1,2,5,1,1,4
42,7,1,2,1,4,5,3,5,4,1,1,1,5,1,4,1
43,7,1,4,1,1,3,5,5,4,3,1,4,5,1,5,4
44,9,3,3,3,4,3,3,4,0,3,3,3,3,4,3,1
45,9,4,4,2,5,5,5,4,2,3,1,4,4,5,3,4
46,9,4,5,4,5,4,4,5,4,4,1,5,5,5,4,1
47,8,2,2,2,3,4,2,4,2,2,2,2,4,3,2,4
48,6,3,4,1,4,5,5,5,5,1,3,2,5,1,3,4
49,6,4,4,1,5,5,5,3,5,1,1,5,3,1,2,4
50,7,1,1,1,1,5,4,4,5,1,1,2,4,1,3,5
51,1,4,4,3,4,5,5,2,1,2,5,1,1,1,5,5
52,3,1,2,2,5,5,5,4,5,3,1,4,5,1,5,5
53,8,1,2,1,2,4,5,5,4,2,1,2,4,3,2,2
54,8,1,2,1,2,3,5,5,3,2,1,4,5,4,3,3
55,2,3,3,5,5,3,4,5,3,2,1,5,5,5,5,1
56,2,4,3,5,3,5,5,4,3,3,3,5,5,4,3,3
57,7,1,1,1,2,4,4,5,5,3,1,1,2,2,2,4
58,1,4,4,1,4,5,4,2,2,5,4,4,4,4,1,1
59,9,2,4,5,4,4,4,5,1,3,2,4,4,4,2,3
60,9,2,1,5,5,5,1,5,1,1,1,5,5,5,1,1
61,9,2,4,5,4,4,3,5,2,2,1,4,4,4,3,2
62,9,2,2,5,4,5,2,5,3,1,2,4,4,3,3,3
63,9,2,1,4,3,4,5,4,3,3,2,4,5,4,3,3
64,9,2,5,5,5,4,4,5,2,4,1,4,5,4,4,2
65,8,1,1,1,1,5,4,5,4,1,1,4,5,1,1,5
66,8,2,4,1,2,5,5,4,4,2,1,3,5,3,2,4
67,8,1,2,3,3,3,3,4,3,3,3,3,5,3,3,3
68,8,2,4,2,2,4,1,5,3,1,2,4,5,3,2,2
69,8,1,1,1,2,3,4,4,3,2,2,3,4,4,2,4
70,8,1,1,3,3,5,5,4,5,1,3,4,5,3,1,4
71,8,2,3,2,2,4,4,3,4,2,2,3,3,4,3,3
72,8,1,1,3,2,5,5,5,5,2,1,2,5,3,5,4
73,1,1,2,2,1,4,5,2,1,5,4,4,4,5,4,1
74,1,1,2,2,2,1,2,4,2,5,3,1,5,5,4,1
75,9,3,1,5,3,5,4,4,3,3,1,4,5,3,4,3
76,9,3,3,4,5,2,4,4,2,1,3,4,4,3,5,1
77,3,1,1,1,1,2,5,5,5,1,1,1,5,2,5,5
78,6,3,4,3,2,5,5,2,4,2,1,4,5,2,2,5
79,2,3,3,4,4,4,4,1,1,3,4,5,3,3,5,1
80,7,1,4,1,1,4,4,5,4,3,1,5,5,1,5,4
81,7,1,3,2,2,5,5,3,2,3,1,3,4,1,5,3
82,4,5,5,5,5,1,2,5,2,3,5,5,3,4,5,1
83,1,5,2,1,4,5,5,2,1,5,3,5,1,4,1,2
84,1,1,4,1,1,5,5,5,1,5,4,1,4,4,4,5
85,1,1,1,3,5,5,5,3,1,5,5,5,3,5,3,1
86,9,4,4,4,4,5,5,4,1,1,1,5,5,5,4,4
87,3,1,1,1,1,5,5,5,4,1,1,1,5,2,5,5
88,8,2,2,3,1,5,2,5,3,3,1,4,5,1,2,3
89,2,3,4,3,4,4,5,5,1,5,2,5,3,4,5,1
90,2,5,4,4,4,4,5,3,2,3,1,5,3,4,5,1
91,9,2,4,2,5,4,5,3,3,4,3,5,5,5,4,1
92,9,4,5,2,4,4,0,5,1,3,1,4,3,5,3,1
93,9,3,4,3,4,4,4,2,2,4,3,4,4,4,4,1
94,9,3,2,3,4,5,5,2,1,5,3,5,2,5,1,3
95,6,2,4,1,5,5,5,5,4,1,1,5,5,3,2,4
96,6,2,4,4,5,5,5,4,4,1,1,5,5,3,4,4
97,2,2,3,5,5,3,4,4,1,4,2,3,3,5,4,2
98,2,5,1,5,5,5,3,5,1,5,1,5,5,3,1,1
99,2,3,2,1,4,5,4,2,1,1,1,5,3,5,3,1
100,1,4,1,5,4,1,5,4,1,5,1,5,5,3,4,3
101,9,4,1,5,5,4,5,4,3,3,1,4,4,5,4,5
102,9,4,2,5,5,4,2,4,3,4,2,4,4,5,2,3
103,9,4,2,5,5,4,2,4,2,4,3,4,4,5,2,3
104,9,5,4,5,5,1,3,4,1,3,3,5,3,1,4,3
105,9,4,3,5,5,4,2,4,1,5,3,4,1,5,1,1
106,6,1,2,1,2,5,5,5,5,3,1,4,5,3,1,1
107,2,3,2,4,5,3,2,5,4,1,1,4,5,1,2,2
108,2,3,5,2,5,5,5,4,2,1,1,5,1,2,4,1
109,7,1,2,1,1,4,5,5,5,1,1,4,5,1,4,5
110,7,1,2,1,1,4,5,5,5,1,1,3,5,3,4,4
111,4,4,5,5,5,5,5,4,3,4,1,5,5,5,3,1
112,9,2,5,2,5,3,1,5,5,1,1,5,3,4,1,2
113,9,2,5,4,5,5,2,4,1,2,2,4,2,5,2,1
114,9,4,3,3,2,4,4,4,1,1,1,5,5,4,2,2
115,9,4,4,1,4,1,4,4,3,3,3,5,5,3,4,4
116,9,4,2,5,5,4,2,4,3,3,2,5,4,5,5,1
117,0,1,1,3,4,4,5,5,5,1,1,1,5,1,5,5
118,8,1,2,1,2,4,4,4,3,1,2,2,5,1,2,4
119,8,1,2,1,5,5,5,4,5,2,2,4,5,1,4,2
120,8,1,1,1,4,4,4,4,4,3,1,5,4,3,4,5
121,8,2,2,1,2,4,4,4,3,3,2,3,5,2,5,3
122,8,1,1,2,4,5,4,5,3,2,1,2,5,2,4,4
123,8,1,2,1,1,5,5,3,3,5,1,3,5,3,5,1
124,6,2,4,3,4,5,5,5,4,4,2,2,5,1,3,4
125,6,1,1,2,2,5,4,5,4,1,1,1,5,2,3,5
126,6,3,4,2,2,3,4,5,5,3,1,3,5,4,3,3
127,2,3,4,4,5,5,5,3,2,1,2,5,5,5,5,4
128,7,1,1,1,1,5,5,5,5,1,1,1,5,1,5,5
129,7,1,2,1,1,5,5,4,5,1,1,2,3,1,5,4
130,9,4,2,3,5,4,2,5,3,2,2,5,2,5,4,1
131,9,3,2,4,5,4,2,4,3,2,2,5,4,5,4,1
132,9,2,4,2,4,2,2,2,3,2,2,4,4,4,5,4
133,9,4,4,2,4,4,4,4,3,2,3,5,4,3,4,1
134,9,4,1,3,4,4,4,5,1,3,4,5,5,3,2,2
135,9,3,4,3,2,2,4,4,3,4,1,5,5,4,5,4
136,9,4,4,5,5,4,2,5,3,4,2,4,5,5,2,1
137,9,3,5,4,2,4,4,4,2,2,3,4,4,3,3,3
138,9,4,2,4,5,4,2,4,2,4,2,5,4,5,2,1
139,3,1,1,1,1,4,5,5,5,1,1,1,5,1,5,5
140,8,1,1,1,3,4,3,5,3,1,1,4,5,3,2,3
141,6,2,4,2,4,5,4,5,5,1,1,3,5,2,2,5
142,7,1,1,3,2,3,1,5,4,1,1,4,5,3,3,4
143,4,3,1,5,5,3,4,4,3,3,5,5,4,5,5,1
144,9,3,5,2,5,5,5,3,1,5,1,5,5,5,3,1
145,9,4,2,4,5,2,5,4,3,3,1,4,4,2,2,1
146,9,3,4,3,5,4,4,3,1,5,2,4,5,5,4,1
147,3,1,2,1,1,2,5,5,5,1,1,1,4,1,5,5
148,3,1,1,1,2,5,5,5,5,1,1,3,5,1,5,5
149,3,1,1,1,1,5,5,5,5,1,1,2,5,1,5,5
150,3,1,1,3,3,5,5,5,3,3,1,3,5,1,3,3
151,8,2,2,1,2,4,2,5,3,1,1,2,5,2,2,4
152,8,1,4,1,4,5,4,2,3,1,2,5,5,4,4,4
153,8,2,2,1,1,4,5,4,4,1,1,3,4,3,3,4
154,8,1,4,1,1,3,3,4,1,2,2,1,5,1,5,3
155,8,2,3,2,3,3,4,4,3,2,3,4,4,2,3,3
156,6,3,1,3,2,5,5,5,4,1,4,1,5,3,4,2
157,2,2,2,4,4,4,4,3,3,2,2,4,4,3,2,1
158,1,1,3,3,4,3,2,2,1,5,3,5,4,5,5,1
159,1,4,1,5,4,3,4,4,1,5,3,5,5,5,5,5
160,9,2,1,3,4,5,2,4,2,4,4,5,5,5,4,1
161,9,4,2,4,4,4,3,4,3,4,2,4,3,5,2,1
162,3,1,2,1,2,5,5,5,5,1,1,1,5,1,5,5
163,8,2,3,1,1,5,5,4,5,1,1,1,4,2,4,5
164,6,2,3,1,4,5,4,5,3,1,1,1,5,3,3,4
165,6,2,2,2,4,4,4,4,3,3,3,4,5,3,4,5
166,6,1,2,1,1,1,4,4,3,1,1,4,5,1,4,4
167,2,2,2,5,5,1,5,4,2,4,1,5,4,3,5,4
168,2,4,2,4,5,4,5,5,2,4,1,5,4,4,5,1
169,2,4,3,5,5,5,5,5,4,1,1,5,4,4,5,1
170,7,1,1,1,2,5,5,5,4,1,1,1,5,1,5,5
171,7,1,4,2,2,5,5,5,5,1,1,4,5,2,2,4
172,7,1,4,1,2,4,4,4,4,1,1,4,5,2,4,4
173,4,5,4,5,5,1,3,2,1,3,5,5,3,4,4,1
174,1,2,1,2,2,5,5,4,1,4,3,5,5,4,4,2
175,1,1,1,1,1,4,5,4,1,5,4,1,4,4,4,2
176,1,3,3,3,2,5,4,3,1,5,3,4,3,4,3,3
177,9,2,5,5,4,4,4,4,2,3,2,5,4,4,3,4
178,9,4,4,5,4,2,5,5,1,5,1,5,5,3,4,4
179,9,1,3,5,5,4,1,5,1,5,3,5,3,5,1,1
180,7,1,1,1,1,5,5,5,5,1,1,4,1,5,1,5
181,7,1,2,2,2,5,5,5,4,1,1,3,5,3,4,5
182,7,1,4,1,1,4,5,5,4,1,1,2,5,1,2,4
183,9,3,3,3,4,5,4,4,1,5,5,4,5,5,3,4
184,9,5,5,5,5,4,1,4,4,4,5,5,2,5,1,1
185,3,1,1,1,4,3,5,5,4,1,1,1,5,1,5,5
186,3,4,4,0,3,5,5,4,5,3,1,1,5,2,5,5
187,8,2,4,1,2,5,5,5,4,2,3,1,5,4,2,4
188,8,1,1,1,2,5,5,5,2,1,2,1,4,4,1,4
189,8,1,2,3,4,5,5,5,3,3,2,3,4,2,2,4
190,8,1,2,1,2,4,5,3,5,3,1,2,3,1,4,4
191,6,3,4,2,3,5,5,5,4,4,1,5,4,3,4,3
192,6,2,4,3,2,4,5,5,4,1,1,4,5,4,4,4
193,6,2,2,1,4,4,2,4,5,1,1,4,5,2,4,2
194,2,2,1,3,5,5,2,4,2,3,1,3,5,3,4,4
195,2,3,4,5,4,5,4,5,1,1,1,5,4,1,5,3
196,2,4,2,4,4,4,4,4,2,2,1,4,4,4,4,4
197,2,4,2,4,5,2,4,2,4,2,1,5,2,2,4,2
198,2,4,4,5,5,4,1,2,1,2,1,5,4,5,4,1
199,2,2,3,3,2,5,5,4,1,3,2,5,5,4,4,4
200,2,2,4,4,2,5,5,4,3,1,1,4,5,3,5,4
201,2,4,3,4,4,5,5,2,1,4,1,4,5,4,4,4
202,2,3,4,4,4,2,5,4,2,2,1,4,5,4,5,1
203,2,4,5,3,4,3,4,3,3,3,3,5,3,3,3,3
204,7,2,2,1,2,5,5,5,5,1,1,2,5,3,4,4
205,7,1,4,2,2,5,5,4,3,2,3,4,5,2,5,4
206,7,1,4,1,1,5,5,5,4,2,2,1,5,1,2,4
207,4,5,5,5,5,1,1,2,2,1,5,5,2,5,5,1
208,4,5,4,5,5,2,2,1,3,1,5,5,2,4,5,1
209,9,5,5,5,5,4,4,4,3,3,4,4,5,5,2,4
210,9,4,4,5,5,5,4,5,2,2,2,4,5,5,4,4
211,7,1,3,1,1,5,5,3,3,1,2,1,4,2,4,4
212,7,1,1,2,1,4,5,4,3,4,1,1,5,4,1,2
213,1,1,2,2,2,5,5,3,1,5,3,3,3,4,2,1
214,9,4,4,3,5,2,2,3,1,4,4,4,1,5,5,1
215,9,1,4,4,5,5,1,2,5,1,1,5,5,4,5,1
216,9,4,2,4,4,4,2,4,3,4,3,4,4,5,4,1
217,3,1,1,1,2,3,5,5,5,1,1,2,5,1,5,5
218,3,1,1,1,2,4,5,5,5,1,1,2,5,1,5,4
219,8,2,2,1,2,3,3,5,4,3,2,3,4,1,3,4
220,6,4,1,2,5,5,4,4,4,5,1,5,5,1,4,1
221,6,2,4,4,4,5,4,2,3,2,2,5,4,4,2,3
222,2,3,5,5,5,5,1,5,4,3,3,5,5,5,5,4
223,7,5,3,3,1,3,5,5,5,1,1,1,5,1,3,5
224,9,4,5,5,5,1,1,5,2,4,3,5,5,5,1,1
225,9,2,3,2,4,5,4,3,2,3,3,4,3,0,2,1
226,3,1,2,3,1,4,5,5,5,1,1,1,5,1,5,4
227,8,1,3,1,5,5,4,5,4,1,1,1,5,4,3,4
228,6,2,4,1,3,5,5,4,5,2,1,3,5,1,2,3
229,6,3,4,1,4,5,4,2,5,1,3,4,5,4,3,2
230,2,4,1,3,4,5,4,1,2,1,1,5,4,5,5,5
231,2,3,3,4,4,2,4,3,1,3,1,4,0,5,4,4
232,2,3,2,3,2,1,4,2,2,1,2,5,2,4,4,2
233,7,1,2,3,1,5,5,5,5,1,2,1,5,3,1,4
234,4,5,5,5,5,1,3,1,2,4,3,5,3,3,4,1
235,4,5,3,5,5,1,3,3,3,3,5,5,1,5,4,1
236,1,1,1,2,5,4,1,1,1,5,2,5,3,5,4,3
237,9,4,5,3,4,3,3,2,5,3,2,5,3,5,2,3
238,3,1,2,2,4,5,5,5,4,1,1,1,5,1,5,5
239,6,1,1,1,2,5,3,5,5,1,1,4,5,2,3,3
240,5,5,2,5,5,2,2,2,1,5,3,5,3,5,5,3
241,7,1,2,1,4,4,4,5,5,3,1,4,5,1,4,5
242,1,2,1,4,4,1,4,5,1,4,2,1,4,4,2,2
243,1,1,5,2,4,2,5,5,1,5,3,4,4,4,4,1
244,1,2,1,3,4,5,5,5,1,4,3,4,4,3,5,2
245,1,2,1,1,4,5,5,4,1,5,2,3,5,4,5,1
246,9,2,4,4,4,4,3,4,2,3,2,4,5,4,2,2
247,9,1,3,4,5,3,5,4,4,4,2,5,4,4,3,2
248,9,2,1,5,4,2,4,3,1,5,3,1,5,5,3,3
249,3,1,1,1,1,5,5,5,5,1,1,1,5,1,5,4
250,3,1,2,1,1,5,5,5,4,2,2,4,4,1,5,3
251,8,1,2,2,2,4,4,4,2,2,2,2,3,3,2,3
252,8,2,2,2,2,4,4,3,2,1,1,2,4,3,4,4
253,8,1,2,1,2,5,5,5,4,1,1,3,5,2,4,4
254,2,2,3,2,3,3,1,2,1,3,1,4,4,3,4,4
255,2,2,3,4,3,2,5,4,2,2,1,5,5,2,3,2
256,2,3,4,3,3,4,2,2,4,1,2,5,4,2,5,1
257,2,3,4,2,4,4,4,2,3,3,1,2,5,4,4,4
258,2,3,4,2,2,3,3,2,2,3,1,4,3,3,4,2
259,2,3,4,3,5,2,3,2,1,2,2,5,5,4,5,1
260,2,2,4,2,4,5,4,3,4,3,3,4,3,3,4,3
261,2,4,5,5,4,2,4,3,2,3,2,2,4,4,5,4
262,2,4,4,2,4,4,4,4,2,3,2,4,5,3,4,3
263,2,4,3,3,4,3,5,2,1,1,3,4,5,2,5,3
264,5,5,3,5,5,1,4,3,1,5,4,5,3,1,5,3
265,1,2,3,3,2,3,4,5,1,4,1,2,1,4,2,1
266,9,3,4,5,5,2,5,2,5,3,1,5,3,5,5,1
267,3,1,1,1,2,5,5,5,5,1,1,3,5,1,5,4
268,2,1,4,5,5,5,2,4,3,1,1,4,5,5,2,2
269,2,5,5,5,5,4,4,4,1,3,2,5,3,5,5,1
270,7,2,4,1,2,5,5,4,4,2,2,2,5,4,4,3
271,7,1,4,3,1,4,5,5,3,1,1,1,5,3,3,4
272,4,5,2,5,5,3,2,4,4,3,3,4,4,5,5,5
273,4,4,4,5,5,2,5,3,2,4,1,4,3,4,5,2
274,1,4,1,5,5,2,2,3,1,5,3,1,1,4,1,2
275,9,4,2,4,5,4,4,5,2,2,2,4,5,4,2,4
276,9,5,2,5,5,4,2,3,1,3,2,5,5,2,5,1
277,9,5,5,5,5,3,3,4,5,3,3,5,3,3,3,1
278,9,4,3,5,5,4,2,3,1,3,4,4,4,4,4,1
279,3,1,1,1,1,2,4,5,5,1,1,2,5,1,5,5
280,2,4,4,5,4,5,5,2,1,2,3,5,4,5,5,5
281,7,1,1,1,1,4,1,5,4,4,3,2,5,4,5,5
282,7,1,1,1,1,5,5,5,3,1,3,1,5,3,5,5
283,7,2,2,2,1,3,5,5,3,2,2,2,5,2,4,4
284,7,1,2,1,3,3,5,5,5,3,1,3,5,3,3,3
285,1,2,2,3,2,3,3,3,1,5,2,4,4,4,2,2
286,1,2,1,3,1,5,4,2,1,4,1,1,2,5,3,4
287,1,1,3,2,4,3,4,4,1,3,2,2,4,4,2,2
288,9,4,5,5,5,5,1,1,4,1,3,5,2,4,4,3
289,9,4,4,4,4,4,5,5,4,3,3,4,4,4,2,4
290,9,4,4,5,5,3,3,2,3,3,3,4,2,3,3,2
291,3,1,1,1,3,5,5,5,3,3,1,3,5,3,5,5
292,8,1,1,1,5,5,5,5,1,4,2,4,5,1,4,4
293,8,2,5,2,1,5,4,4,3,3,3,4,5,3,3,4
294,8,1,3,1,1,5,5,4,3,3,1,4,4,4,4,4
295,8,3,1,1,4,2,5,5,1,2,1,3,5,4,3,4
296,2,3,3,4,2,5,3,4,1,3,1,5,5,5,5,4
297,7,1,2,1,2,4,4,4,4,2,2,4,5,2,4,4
298,4,5,4,5,5,1,1,4,3,5,5,5,3,4,5,1
299,1,1,1,1,1,1,4,4,1,5,4,4,3,4,4,1
300,1,4,1,3,4,5,5,4,1,5,5,4,4,5,4,2
301,9,4,4,2,4,4,4,4,4,3,3,4,4,4,3,1
302,9,4,5,4,3,5,3,0,3,4,0,4,3,4,3,4
303,9,4,4,1,4,5,4,5,5,4,3,5,4,5,4,4
304,9,4,4,2,4,4,2,4,1,2,2,5,4,5,4,2
305,9,5,5,2,5,5,5,5,4,5,1,5,5,4,1,5
306,9,5,4,4,5,5,3,4,2,4,4,5,3,5,2,1
307,3,1,1,1,1,5,5,5,5,1,1,1,5,1,5,5
308,8,1,1,1,5,5,5,5,4,1,4,1,5,1,1,5
309,6,3,3,2,4,5,5,4,5,1,1,4,5,4,2,3
310,6,1,1,1,2,4,5,5,4,3,1,2,4,3,2,4
311,2,5,5,5,5,5,5,5,4,5,1,5,4,5,5,4
312,2,2,4,5,2,3,3,5,1,4,4,5,4,5,5,4
313,2,4,2,4,4,5,2,3,2,1,2,5,5,4,5,4
314,2,3,1,3,4,4,3,5,4,3,2,1,3,3,5,1
315,1,3,1,5,4,5,3,5,1,5,2,5,3,5,5,3
316,9,4,2,5,5,3,1,5,3,3,2,4,3,5,4,1
317,9,3,1,3,4,4,2,4,3,3,3,5,3,4,4,2
318,9,4,4,4,4,4,4,5,2,4,2,4,5,2,4,4
319,9,5,4,5,5,3,4,4,3,4,1,5,4,5,5,1
320,3,1,1,1,1,5,5,5,5,1,1,1,5,1,5,5
321,2,3,3,5,5,5,4,4,1,2,2,5,4,4,5,3
322,5,5,1,4,4,1,2,3,1,5,4,5,4,1,2,1
323,7,1,1,1,1,1,5,5,5,1,1,1,5,1,4,5
324,1,3,2,4,2,4,4,0,1,4,1,2,4,5,5,3
325,9,3,4,5,4,5,3,4,3,1,1,5,4,4,4,1
326,9,5,2,5,5,3,4,4,2,2,1,4,4,4,3,1
327,9,4,4,5,4,4,3,2,2,3,3,5,4,5,2,1
328,9,3,5,5,5,5,5,5,3,1,1,5,5,5,1,1
329,9,4,4,5,5,1,2,2,1,4,3,5,2,5,4,1
330,9,2,2,5,3,3,4,3,3,2,4,1,3,4,4,1
331,3,1,1,3,1,1,4,5,4,1,3,1,5,1,5,5
332,3,1,1,3,2,4,4,5,5,1,1,3,5,1,5,5
333,3,1,1,3,1,5,5,5,4,3,1,1,5,1,5,5
334,2,3,4,5,5,2,2,4,1,4,2,5,5,4,5,1
335,2,1,5,5,5,3,4,4,1,2,2,5,5,3,5,2
336,7,1,4,1,2,4,5,2,4,2,2,4,5,1,4,4
337,1,2,1,3,3,5,5,5,1,5,3,3,4,2,4,1
338,9,1,3,5,5,0,4,5,2,5,1,4,5,5,2,1
339,9,2,1,5,4,4,5,5,2,3,1,5,5,4,4,1
340,9,4,4,4,5,4,2,5,2,4,2,4,2,5,4,1
341,9,4,2,5,5,4,2,2,2,1,1,5,3,4,2,1
342,3,1,2,1,2,5,5,5,4,1,1,5,5,1,5,5
343,3,1,3,1,2,5,5,5,5,1,1,1,5,1,5,5
344,8,1,4,1,4,4,4,4,1,1,1,4,4,2,1,4
345,6,4,4,3,3,4,5,5,5,3,3,5,5,3,3,3
346,7,1,2,3,1,5,5,5,5,1,1,3,4,3,2,2
347,3,1,1,1,2,4,5,5,5,1,1,1,5,1,5,5
348,3,1,1,1,2,5,5,5,4,1,1,2,5,1,4,5
349,8,1,1,1,4,5,4,4,4,1,1,4,5,1,4,1
350,8,1,2,1,1,2,4,2,4,1,1,2,4,3,4,2
351,8,1,2,1,1,5,5,4,4,2,1,2,5,3,4,3
352,8,1,1,1,1,4,5,5,4,1,1,5,5,2,4,1
353,8,1,4,2,5,5,5,1,3,2,1,2,5,2,3,3
354,7,1,2,1,2,5,5,5,5,3,1,2,5,2,4,5
355,7,1,2,1,2,4,5,5,4,3,2,1,5,1,5,2
356,7,1,2,5,3,5,5,5,3,3,2,1,5,3,4,2
357,9,2,4,2,4,2,4,4,1,2,1,3,3,4,2,1
358,9,1,2,3,5,1,4,2,1,3,3,4,4,4,3,3
359,9,4,2,5,5,3,2,4,1,2,3,5,4,4,2,2
360,9,4,4,4,5,4,5,3,3,4,2,5,4,3,3,1
361,9,3,4,3,4,3,2,4,3,3,2,3,4,3,3,3
362,9,5,4,5,5,4,2,5,4,3,2,5,5,5,3,3
363,0,3,1,3,4,4,2,4,4,1,3,3,5,1,3,5
364,8,2,3,1,3,5,4,5,4,1,1,2,4,2,4,4
365,8,1,4,3,4,5,4,4,3,1,1,2,5,1,4,4
366,8,1,2,3,2,5,5,5,3,2,1,4,5,2,4,3
367,8,1,2,1,5,5,5,4,3,4,3,1,5,4,5,4
368,8,1,2,1,2,5,4,5,4,2,2,4,5,3,5,4
369,6,3,3,3,4,3,5,5,5,1,1,4,5,4,4,4
370,6,3,4,1,2,5,5,5,5,3,1,2,5,3,5,5
371,6,2,4,3,3,5,5,5,5,1,1,1,5,2,5,4
372,2,4,4,5,5,2,4,5,3,4,2,4,3,2,5,2
373,2,3,4,4,5,5,5,3,4,5,1,5,4,3,5,2
374,2,4,5,5,5,4,5,4,1,1,1,5,4,3,5,1
375,2,3,4,2,4,4,5,5,2,2,2,5,5,4,4,3
376,7,1,4,1,1,5,5,5,4,3,2,3,5,1,2,4
377,1,1,2,4,4,4,5,4,1,5,4,4,4,4,5,4
378,1,2,1,5,4,3,5,3,2,5,5,5,3,4,4,2
379,9,4,4,5,5,3,5,4,1,3,3,4,4,5,4,3
380,3,1,2,1,2,4,5,5,5,1,1,1,5,1,5,5
381,3,1,1,1,1,5,5,5,4,2,1,1,5,1,5,5
382,3,1,1,1,2,5,5,5,4,1,1,1,5,1,5,5
383,3,1,1,1,3,4,5,4,4,2,1,1,5,2,4,4
384,3,1,1,1,1,4,4,5,5,3,4,1,5,1,3,5
385,3,1,2,1,2,4,5,4,4,3,3,1,5,2,5,4
386,8,2,2,4,2,4,4,4,1,2,2,2,4,4,2,4
387,2,3,2,4,4,5,5,3,4,5,1,1,4,3,5,4
388,2,4,5,5,5,2,5,4,1,5,2,5,2,5,4,2
389,2,4,1,5,4,3,4,2,3,3,2,4,2,4,5,2
390,2,5,4,5,5,4,3,3,3,3,4,4,4,4,5,1
391,7,1,1,1,1,5,5,5,5,1,1,3,3,3,3,5
392,7,1,2,1,1,5,5,4,4,1,1,1,5,1,4,5
393,3,1,4,1,1,5,3,5,5,1,1,1,5,1,5,5
394,7,2,4,1,2,4,4,4,4,1,2,2,5,2,4,4
395,7,1,1,1,1,5,5,3,4,1,3,1,5,1,4,5
396,7,1,1,1,1,5,5,5,4,2,1,1,5,1,5,5
397,4,5,4,5,5,1,3,3,2,3,5,5,3,4,5,2
398,1,2,1,3,4,4,5,3,1,4,4,4,5,4,4,2
399,1,4,3,5,4,4,3,5,1,5,3,4,4,5,3,2
400,9,2,3,4,4,4,2,4,3,4,2,4,4,4,2,3
401,9,3,4,2,5,4,2,4,3,2,2,5,5,4,4,1
402,9,4,5,2,5,1,5,5,3,4,1,5,5,4,3,1
403,9,3,1,3,4,4,2,4,2,3,2,4,4,4,3,1
404,9,4,3,2,4,2,3,4,2,3,1,4,5,5,5,1
405,9,2,4,2,4,4,3,4,3,3,3,3,4,4,4,2
406,9,3,5,3,4,3,4,3,3,3,2,4,4,4,3,1
407,9,1,3,1,3,5,2,4,4,4,1,4,3,1,4,1
408,3,1,3,1,3,5,5,5,5,1,1,4,5,1,2,4
409,8,1,1,1,2,4,3,5,3,1,1,1,5,3,3,3
410,8,1,4,2,2,5,4,5,3,3,1,2,5,3,2,4
411,6,2,5,3,2,5,5,5,4,1,1,4,5,1,4,5
412,2,4,5,2,4,2,4,5,4,1,2,4,4,4,2,1
413,5,5,3,5,5,1,3,2,1,5,3,3,2,4,5,2
414,5,5,5,5,5,2,4,5,1,5,3,5,3,5,5,1
415,7,1,4,1,4,4,5,5,3,1,1,1,5,1,5,5
416,7,1,2,2,2,5,5,5,4,4,1,1,5,1,5,5
417,9,4,2,4,5,2,2,4,2,1,3,5,4,3,2,1
418,9,4,3,4,5,4,4,3,1,4,3,5,4,5,2,4
419,9,5,4,4,4,3,4,3,4,3,1,5,3,5,3,3
420,9,5,3,5,5,2,3,5,1,5,2,5,4,5,4,1
421,3,1,1,1,1,1,5,5,5,1,1,1,5,1,5,5
422,3,1,1,1,1,5,5,5,5,1,1,3,5,1,4,3
423,8,1,2,1,1,5,5,5,3,3,1,2,5,1,5,3
424,7,1,2,1,2,5,5,4,4,3,1,2,5,3,4,5
425,7,1,2,1,2,5,5,5,2,2,1,2,5,2,5,4
426,4,5,4,5,5,1,3,2,2,3,4,4,3,4,5,1
427,1,1,1,1,4,3,4,3,2,4,3,2,4,3,4,1
428,9,2,2,4,5,2,1,3,3,3,4,4,3,4,3,1
429,9,3,4,3,5,5,5,4,3,5,1,2,1,4,5,1
430,3,1,1,1,1,5,5,5,5,1,3,1,5,1,5,5
431,8,1,4,1,1,5,4,5,4,1,1,4,5,3,2,2
432,8,1,1,1,2,5,5,4,5,1,1,4,4,4,1,3
433,8,1,2,1,4,4,5,5,4,2,2,2,4,2,3,3
434,8,1,1,1,1,5,5,5,4,1,1,3,5,3,4,4
435,8,1,1,3,5,4,5,5,3,3,1,2,5,4,2,5
436,8,1,1,1,4,3,4,4,4,3,2,1,4,1,3,4
437,6,1,1,1,1,5,5,4,4,1,1,1,5,2,4,4
438,6,1,1,1,1,4,5,5,1,4,1,3,4,1,5,1
439,6,2,2,1,1,2,5,5,4,1,2,2,4,2,5,4
440,2,4,4,3,4,1,1,4,2,4,3,4,3,5,4,3
441,2,4,1,5,5,4,5,4,1,4,1,5,4,5,5,1
442,1,2,3,3,3,4,5,5,1,5,3,5,5,5,1,3
443,1,1,1,1,1,5,4,4,1,1,1,3,4,4,2,2
444,9,4,4,3,4,5,4,5,4,3,3,5,4,5,4,3
445,9,2,4,4,4,1,4,5,4,2,1,5,4,5,1,1
446,9,4,5,5,5,4,4,5,4,1,4,5,5,5,5,2
447,0,3,4,1,2,4,5,5,3,1,1,4,5,1,5,5
448,8,1,2,1,2,5,2,3,4,1,1,4,3,2,4,3
449,6,2,4,1,1,5,5,5,4,1,2,5,4,3,2,4
450,6,2,4,1,4,5,5,4,5,2,1,1,5,2,2,4
451,6,2,1,1,1,5,4,1,5,1,1,5,5,1,2,4
452,2,5,4,4,4,4,4,5,3,1,1,4,3,3,5,1
453,2,2,2,3,4,1,3,3,1,3,3,1,1,4,5,1
454,2,4,1,4,2,4,5,3,1,4,2,5,5,5,5,3
455,7,1,2,2,4,4,4,4,5,1,1,2,5,2,4,5
456,7,1,2,1,2,5,5,5,3,1,1,2,4,2,4,4
457,7,1,2,1,1,5,2,4,4,3,3,4,4,2,0,4
458,9,4,3,2,4,5,4,2,4,4,4,4,3,5,2,2
459,9,4,5,1,5,4,4,2,2,3,5,5,4,5,2,1
460,9,4,4,5,2,2,5,4,4,2,4,5,5,5,2,1
461,9,3,3,3,4,4,3,4,2,2,2,4,3,3,4,3
462,9,3,3,3,4,4,2,4,3,2,3,4,4,3,4,2
463,9,4,2,4,4,4,5,4,3,3,4,4,3,4,5,3
464,9,1,2,1,1,5,5,5,0,0,2,1,5,0,4,1
465,8,1,4,2,4,5,4,5,3,3,2,3,5,2,3,2
466,8,2,4,1,4,4,3,5,3,1,2,3,4,2,2,3
467,8,1,1,1,1,2,4,5,5,1,1,2,5,1,3,4
468,8,1,1,1,2,1,1,5,5,1,1,5,5,1,1,4
469,8,1,4,1,2,5,5,5,2,1,1,1,5,2,2,4
470,8,1,2,2,4,3,2,4,4,2,1,1,5,2,2,4
471,8,2,1,1,4,5,1,5,4,1,1,4,5,1,1,4
472,8,1,4,1,2,3,5,5,3,1,2,4,4,2,2,3
473,8,1,3,1,4,2,4,5,3,3,1,2,5,2,2,3
474,8,1,5,1,1,5,4,0,3,1,1,3,5,3,5,1
475,2,4,4,4,5,2,4,5,1,3,1,5,4,3,2,2
476,7,1,4,1,1,5,4,5,3,1,1,4,5,3,3,5
477,7,1,3,1,2,5,5,4,4,1,2,1,5,2,4,5
478,7,1,1,1,1,5,5,4,3,1,1,1,3,1,4,5
479,4,5,3,5,5,1,1,2,1,3,4,5,4,4,5,1
480,1,4,4,1,4,3,4,4,1,5,4,1,3,4,5,1
481,9,4,4,4,4,5,5,5,1,4,4,5,4,2,4,3
482,9,4,2,5,5,4,4,4,3,4,3,4,4,5,2,1
483,9,2,4,5,4,5,5,5,2,2,1,5,5,5,4,4
484,8,1,3,2,1,4,3,5,3,1,2,3,3,3,3,3
485,8,1,1,1,1,5,5,4,5,1,1,1,5,1,4,4
486,8,1,3,4,2,4,5,4,2,3,2,4,5,3,4,4
487,8,1,1,2,2,4,4,4,4,1,1,1,4,1,5,5
488,8,3,4,2,2,4,5,5,1,2,3,4,5,2,4,2
489,8,2,2,2,2,3,4,3,3,3,2,4,4,3,3,3
490,6,2,1,2,4,5,4,4,5,1,1,4,4,2,4,1
491,2,3,2,5,5,2,4,1,2,3,1,5,4,4,5,1
492,2,4,1,4,5,4,3,1,3,3,3,5,4,5,0,2
493,7,1,1,2,1,5,5,5,3,2,2,4,5,2,4,5
494,7,1,1,1,1,5,5,5,5,1,1,1,5,3,4,4
495,7,2,1,2,1,5,5,5,3,2,1,1,5,2,2,5
496,7,1,2,1,4,5,5,4,5,1,1,4,5,2,4,5
497,7,2,1,1,1,5,5,4,5,2,2,4,5,2,5,5
498,1,4,2,4,4,4,5,3,1,4,2,1,4,5,4,1
499,1,1,4,5,4,4,5,4,1,5,2,5,5,5,4,2
500,1,2,2,5,2,5,5,5,1,4,1,2,5,2,1,2
501,3,1,1,1,3,5,5,5,5,3,1,1,5,1,4,5
502,3,1,1,1,2,5,5,5,5,3,1,4,5,1,4,4
503,8,1,2,1,1,4,5,3,1,3,3,3,3,3,5,3
504,2,3,4,4,4,5,1,4,1,2,1,4,4,5,4,3
505,2,4,4,4,4,5,2,4,1,3,1,5,4,5,5,1
506,2,2,4,5,2,5,5,4,1,1,1,4,4,4,1,1
507,2,4,4,4,4,5,3,4,1,2,3,4,5,5,5,1
508,2,4,2,5,4,5,4,3,1,4,3,5,3,3,5,3
509,2,4,4,4,4,4,5,4,1,3,2,5,5,5,4,4
510,2,4,4,5,5,2,4,3,2,4,3,4,4,5,5,2
511,7,1,4,1,2,5,5,4,3,3,1,2,5,3,4,5
512,9,4,2,5,5,4,2,3,1,5,4,5,4,4,2,1
513,9,4,2,5,4,2,2,4,3,4,2,5,4,5,2,2
514,3,1,1,4,2,5,5,5,5,2,1,1,5,2,4,5
515,3,1,1,1,5,5,5,5,5,1,1,1,5,1,5,5
516,8,1,3,1,5,5,5,5,2,1,1,3,5,1,2,1
517,6,2,2,2,2,4,5,4,4,3,1,5,5,3,3,3
518,6,1,2,1,3,3,4,2,4,1,1,1,5,1,2,2
519,2,2,4,4,1,1,4,5,4,1,1,4,4,2,5,5
520,2,1,4,5,5,1,5,3,1,1,2,5,3,5,5,1
521,2,2,4,5,4,5,4,4,2,1,1,5,5,5,4,3
522,2,2,1,5,5,5,1,5,1,4,3,4,4,4,5,2
523,7,2,4,1,1,5,5,4,5,1,1,4,4,1,4,5
524,4,5,3,5,5,1,3,4,1,3,5,5,3,5,5,1
525,9,3,1,4,4,3,4,5,2,2,4,4,5,4,2,4
526,9,4,4,4,5,3,4,4,1,3,4,4,4,5,1,3
527,9,4,4,3,5,4,5,5,4,1,4,5,4,5,3,2
528,9,4,4,4,5,1,4,2,2,3,4,5,1,4,5,2
529,8,1,4,2,2,5,3,4,2,2,2,2,5,3,2,3
530,2,2,5,2,2,5,4,4,2,2,2,4,3,4,2,1
531,4,5,4,5,5,4,1,2,4,4,2,5,2,4,2,1
532,9,4,5,2,2,3,4,1,1,3,3,5,4,5,3,1
533,9,5,5,3,5,4,2,4,1,4,4,5,4,4,2,2
534,9,4,3,4,4,2,3,2,3,1,4,4,3,4,1,1
535,7,1,4,1,4,5,5,5,2,1,1,1,5,5,4,5
536,1,2,3,2,2,5,5,4,1,4,1,1,4,4,4,1
537,9,5,4,4,5,4,5,4,3,2,1,4,5,5,2,4
538,9,2,4,4,2,3,4,4,1,3,1,4,4,5,2,3
539,7,1,4,1,2,5,5,5,3,3,1,4,5,2,5,4
540,7,1,1,1,2,5,5,4,4,1,1,1,5,3,3,4
541,9,4,5,4,2,5,5,5,2,4,1,5,2,4,5,1
542,9,4,4,4,5,2,4,5,3,4,2,5,5,5,2,1
543,9,3,4,3,5,5,5,4,1,3,3,5,3,1,5,1
544,9,4,2,1,5,5,5,4,3,1,2,3,5,4,2,3
545,9,3,2,3,3,4,4,4,2,1,3,2,4,3,3,2
546,2,3,4,5,5,2,4,5,2,4,1,5,5,3,3,2
547,2,2,4,3,5,5,5,4,2,4,2,5,4,5,2,2
548,2,3,4,4,4,2,4,4,2,3,1,5,5,3,4,2
549,4,5,4,5,5,1,3,4,3,3,1,5,3,4,5,3
550,1,1,4,1,3,5,4,2,1,4,2,1,2,3,3,1
551,1,1,2,1,4,4,4,4,1,5,1,1,2,2,5,1
552,1,1,4,1,4,5,4,2,1,5,2,1,2,2,4,1
553,9,2,4,2,5,5,2,5,2,3,1,4,4,5,2,2
554,9,1,1,1,5,5,1,5,1,1,1,1,5,5,5,1
555,3,1,1,1,1,5,5,5,5,1,1,1,5,1,5,4
556,6,2,1,1,2,1,5,5,3,1,1,1,5,1,4,4
557,6,2,2,1,4,2,4,4,3,2,1,1,5,2,4,2
558,2,4,1,4,5,0,4,4,3,3,2,4,5,5,4,1
559,7,1,1,3,1,5,5,3,3,3,3,2,3,3,1,3
560,7,1,3,1,4,5,5,4,5,3,2,2,5,1,3,3
561,1,1,1,3,5,5,5,5,1,5,3,5,4,4,3,1
562,1,1,1,2,4,4,4,3,1,5,3,1,3,4,4,2
563,9,4,5,4,4,1,1,5,1,1,1,5,4,5,4,1
564,9,4,4,4,4,3,4,4,2,2,1,5,3,2,4,1
565,9,2,1,1,4,2,4,5,2,1,1,4,3,5,1,2
566,3,1,1,1,3,4,5,5,5,1,1,1,5,1,5,5
567,3,1,2,1,4,5,5,5,4,1,4,5,5,1,4,5
568,3,1,1,1,1,5,5,4,3,2,1,2,5,1,5,3
569,8,1,1,1,2,5,2,5,3,1,1,5,5,1,1,1
570,6,1,1,2,2,4,5,5,2,1,1,2,5,1,4,4
571,6,2,2,1,1,4,5,5,5,1,1,3,5,1,5,3
572,2,3,4,4,5,4,3,5,3,4,2,4,5,5,5,1
573,2,3,3,3,2,2,4,1,4,3,2,5,5,5,5,1
574,7,1,1,1,1,5,5,5,5,1,1,4,5,1,5,5
575,1,1,1,1,5,5,5,5,1,5,1,5,5,4,5,1
576,1,2,4,1,1,4,4,4,1,5,2,5,3,1,5,4
577,9,3,4,4,5,3,3,4,1,1,3,3,4,4,5,1
578,9,4,4,3,5,4,4,4,3,4,1,4,5,5,4,4
579,9,4,4,4,5,4,5,5,1,3,5,5,4,5,4,1
580,9,4,5,4,5,2,5,5,3,5,2,5,5,5,4,1
581,3,1,1,1,5,5,5,5,4,1,1,3,5,1,5,5
582,3,1,2,1,2,5,5,5,5,1,1,1,5,1,5,5
583,8,2,2,2,2,5,4,5,2,2,1,4,5,4,2,4
584,8,1,2,1,3,5,4,4,4,1,1,4,5,3,3,5
585,8,1,4,1,4,5,4,5,4,3,1,4,5,4,2,4
586,8,1,2,2,3,4,5,5,3,3,1,2,5,2,3,4
587,8,2,5,1,1,5,1,5,1,1,3,5,5,5,1,4
588,8,1,1,1,1,5,4,4,2,3,1,2,4,2,4,2
589,8,2,2,2,1,4,4,5,2,2,2,4,4,4,3,4
590,8,1,2,1,2,4,5,5,4,2,1,2,4,2,3,5
591,8,2,3,2,2,5,5,5,3,3,1,4,4,2,4,4
592,8,1,3,1,2,5,5,5,3,3,1,2,4,2,5,4
593,8,3,3,1,5,5,5,3,3,3,1,4,4,5,3,3
594,8,2,1,1,1,5,5,3,4,1,1,2,5,4,2,3
595,8,1,4,1,1,5,5,5,4,1,1,5,5,5,3,5
596,6,3,2,2,4,5,5,5,5,3,1,5,5,1,4,5
597,6,2,3,2,2,5,5,5,5,1,1,4,5,2,2,4
598,6,4,2,4,4,5,5,5,4,3,1,5,4,3,4,4
599,6,2,1,2,4,5,5,4,5,1,1,4,5,2,2,4
600,6,4,2,3,5,4,5,5,5,1,1,3,5,1,2,4
601,2,4,4,5,5,5,4,5,1,4,4,5,4,5,1,1
602,2,4,4,5,4,4,3,4,3,4,2,4,5,4,4,2
603,2,4,4,5,5,2,3,2,2,5,2,5,2,5,3,2
604,2,3,2,4,4,5,5,3,1,3,2,2,3,4,5,5
605,5,3,2,5,5,3,5,2,1,5,1,1,2,3,4,2
606,7,1,4,1,2,5,5,5,5,1,1,4,5,3,2,5
607,7,1,2,1,2,5,4,5,4,1,1,4,4,2,4,4
608,7,2,2,1,1,4,5,5,5,1,1,4,5,3,5,5
609,1,2,3,3,5,4,5,5,1,5,2,4,4,4,5,4
610,9,5,2,5,2,5,5,5,3,1,2,3,4,5,2,3
611,9,5,3,5,5,3,4,4,1,4,3,5,2,5,3,3
612,9,4,3,5,5,3,5,4,1,5,3,5,4,5,2,4
613,3,1,1,2,2,5,5,5,5,1,1,2,5,1,5,4
614,3,1,2,1,1,4,5,5,5,1,1,1,5,1,5,5
615,3,1,1,1,3,4,5,5,5,1,1,3,5,1,5,5
616,3,1,2,2,4,5,5,4,5,1,1,2,5,1,2,5
617,3,1,1,1,1,4,5,5,5,1,1,4,5,1,5,5
618,3,1,1,1,1,5,5,5,5,1,1,1,5,1,5,5
619,3,1,1,1,1,5,5,5,3,1,1,4,5,1,5,4
620,3,1,1,1,4,5,5,5,5,1,1,2,5,1,4,5
621,0,2,3,1,4,5,4,5,5,2,1,4,5,2,4,5
622,2,4,4,2,4,4,4,4,2,2,3,4,4,4,5,4
623,2,4,5,4,5,5,4,5,2,3,4,1,5,4,5,4
624,2,4,4,4,4,5,4,4,2,3,2,3,4,5,3,4
625,2,4,3,5,5,4,5,3,2,3,1,5,5,5,4,1
626,2,5,5,5,4,4,1,1,1,4,2,5,5,4,5,1
627,2,2,3,2,5,3,5,4,3,3,3,4,5,4,2,2
628,5,1,4,5,5,4,4,5,1,5,2,5,4,2,5,4
629,7,1,4,1,1,4,5,5,4,3,2,2,5,1,4,4
630,7,1,1,1,1,5,5,5,4,1,1,2,5,1,4,5
631,4,5,2,5,5,1,2,4,1,3,5,5,3,5,5,1
632,4,5,4,5,5,1,1,3,1,3,5,5,3,5,4,1
633,4,5,3,5,5,3,1,5,1,4,4,5,5,3,3,2
634,9,4,2,5,5,4,2,4,3,3,3,5,5,5,2,2
635,9,2,2,5,5,3,2,4,3,4,3,4,4,5,2,1
636,9,4,4,3,5,5,2,4,1,5,5,5,5,5,3,1
637,9,5,2,5,5,4,2,4,5,1,4,1,5,5,4,1
638,9,4,2,2,4,5,5,5,4,4,3,4,4,5,3,1
639,9,1,1,3,2,5,5,5,2,5,1,4,5,4,4,1
640,3,1,3,3,1,5,5,5,5,1,1,2,5,1,5,5
641,3,1,2,1,1,4,5,5,5,2,1,3,5,1,4,5
642,3,1,1,1,1,2,5,5,5,1,1,1,5,1,5,4
643,0,1,1,1,1,3,5,5,3,1,1,1,5,1,5,5
644,8,1,1,3,2,5,3,4,3,3,1,4,5,3,3,4
645,8,1,1,3,1,5,5,5,5,1,1,4,5,3,4,4
646,8,1,2,2,2,1,5,5,5,1,1,1,5,1,5,5
647,8,1,4,4,5,3,5,5,5,1,1,2,5,3,4,3
648,7,1,4,1,1,2,5,5,3,1,1,2,5,2,5,4
649,7,1,1,4,4,5,5,4,5,3,1,3,4,1,5,4
650,8,2,1,4,2,4,4,5,3,2,1,4,5,4,4,4
651,8,1,2,2,2,2,4,4,4,2,2,2,4,2,4,4
652,6,2,4,1,5,5,2,4,5,1,1,5,5,4,2,4
653,6,2,2,1,1,4,5,4,4,1,1,2,5,2,5,5
654,2,3,4,5,4,3,5,5,3,2,1,4,5,4,5,4
655,7,1,3,1,5,5,5,5,2,1,1,4,5,4,5,4
656,7,1,2,1,4,4,5,4,3,3,1,4,5,4,5,4
657,4,1,5,5,5,5,5,5,3,3,3,5,5,3,4,4
658,9,4,2,5,5,3,2,4,2,4,2,5,3,5,1,1
659,9,3,4,4,5,2,3,5,1,3,3,5,3,5,3,1
660,9,5,4,5,5,1,5,4,1,4,3,5,1,5,4,1
661,6,1,1,1,4,5,5,5,5,1,1,1,5,1,4,4
662,2,3,4,4,4,5,2,3,2,5,1,4,5,5,5,2
663,7,1,4,1,1,5,4,5,4,2,1,2,5,2,5,5
664,7,1,1,1,1,4,4,5,5,2,1,4,5,3,4,5
665,7,1,2,1,1,5,5,5,4,4,2,5,5,3,5,5
666,9,2,2,1,2,4,4,3,3,2,2,4,5,2,3,2
667,9,4,2,4,2,3,4,5,2,1,1,5,2,3,1,1
668,9,4,5,5,5,5,1,5,1,4,1,5,1,5,1,1
669,9,1,1,3,2,4,4,4,3,4,4,4,4,3,2,1
670,9,3,2,2,2,4,4,4,4,2,2,3,2,2,4,1
671,8,2,2,3,3,4,4,3,3,3,2,4,4,3,3,3
672,7,1,2,3,1,5,5,3,4,1,1,1,5,1,4,3
673,7,2,2,1,1,5,5,3,4,1,1,4,5,2,5,4
674,7,1,1,3,5,5,5,3,4,1,1,2,5,1,5,4
675,7,1,1,1,1,5,5,4,3,2,1,1,5,1,4,5
676,7,1,2,1,1,5,5,4,2,3,3,4,4,4,4,5
677,1,4,4,3,1,5,5,3,1,5,5,5,5,5,3,3
678,1,2,2,1,1,5,4,1,1,4,2,4,2,4,2,1
679,9,4,1,5,4,5,5,5,3,2,1,5,5,4,1,1
680,9,4,3,2,4,5,5,3,1,4,3,5,3,5,5,2
681,3,1,1,1,1,5,5,5,5,1,1,2,5,2,5,4
682,2,4,4,3,3,3,5,1,2,3,3,5,1,3,5,1
683,2,2,2,5,5,2,4,3,3,1,2,4,5,3,3,4
684,2,5,5,5,5,4,3,3,3,3,4,5,4,3,3,1
685,5,5,4,5,5,1,4,2,1,5,4,4,3,1,4,3
686,9,4,1,5,5,5,5,5,2,2,1,5,5,4,4,4
687,3,1,1,1,2,3,5,5,5,1,1,2,5,1,5,5
688,3,1,1,1,2,3,5,5,5,1,1,1,5,1,5,5
689,2,3,4,3,5,3,3,3,3,3,3,4,3,4,4,3
690,2,1,4,5,5,2,2,4,2,2,2,4,1,4,5,1
691,1,1,2,2,3,2,4,3,1,5,3,3,3,5,4,1
692,9,4,1,4,5,3,1,5,1,3,1,4,3,5,2,1
693,8,1,2,2,2,4,3,5,3,2,2,5,5,3,2,4
694,2,4,4,4,5,4,5,5,4,4,1,4,4,1,3,1
695,7,1,1,1,4,4,5,5,4,1,1,2,5,2,4,5
696,7,1,3,1,3,4,5,5,3,3,2,5,5,2,3,5
697,9,4,2,4,4,4,2,4,3,4,2,4,4,4,2,1
698,9,3,5,3,5,5,4,4,2,3,2,5,5,1,4,1
699,4,5,3,5,5,2,2,5,3,3,4,4,3,5,4,2
700,1,1,2,3,4,2,2,4,1,5,4,2,4,4,4,2
701,9,1,2,3,2,4,3,2,3,5,4,5,2,4,2,1
702,9,2,4,1,4,3,4,5,4,2,3,3,2,4,4,3
703,9,2,1,4,5,4,5,4,3,1,4,4,5,3,2,2
704,9,1,2,2,4,5,4,5,2,2,3,4,4,4,3,2
705,9,2,4,1,3,5,1,5,4,3,3,5,5,5,5,5
706,3,1,1,1,1,4,5,5,5,3,1,1,5,3,5,5
707,8,1,1,1,1,4,4,4,2,2,1,2,4,2,4,2
708,8,1,1,1,2,5,4,3,1,3,1,2,3,2,3,2
709,8,1,4,1,2,5,5,1,3,1,1,5,2,5,5,1
710,8,2,2,2,2,4,4,4,3,3,2,2,4,3,4,2
711,8,1,4,1,3,3,4,4,3,1,1,4,5,1,4,5
712,8,1,1,1,1,5,5,4,4,1,3,5,5,2,4,2
713,8,1,2,3,4,4,5,4,0,2,1,4,0,4,4,2
714,8,1,2,1,1,4,4,3,4,1,3,2,4,2,3,2
715,8,1,4,2,3,4,5,4,4,2,1,2,5,3,5,3
716,2,3,5,3,5,5,5,5,1,5,1,5,5,5,5,1
717,7,1,1,1,2,5,5,5,5,1,1,4,5,1,4,5
718,4,4,4,5,5,2,4,4,2,2,3,5,1,4,4,1
719,1,1,1,2,4,4,2,4,1,5,3,2,3,4,2,1
720,1,1,1,1,1,1,5,5,1,4,1,5,4,2,2,5
721,9,1,2,2,4,4,2,4,3,2,2,2,2,4,4,1
722,9,2,2,5,4,2,5,4,2,5,2,2,4,4,1,1
723,9,4,4,5,5,2,2,4,1,4,3,4,4,5,2,1
724,3,1,1,1,1,3,5,3,5,1,4,3,5,1,5,5
725,3,1,1,1,1,3,5,5,5,1,1,1,5,1,5,5
726,8,1,1,1,1,5,5,5,5,1,1,1,5,4,1,1
727,6,1,2,1,2,3,5,5,5,1,1,2,4,2,3,3
728,6,1,1,1,4,3,4,3,5,1,1,1,5,3,3,5
729,6,1,2,1,2,0,5,4,5,1,1,4,4,3,4,4
730,7,1,1,1,1,5,5,5,5,1,1,1,5,4,4,5
731,7,1,4,1,1,5,5,4,4,1,1,3,4,3,4,3
732,3,1,1,1,4,5,5,5,5,1,1,1,5,4,5,5
733,3,1,2,1,2,5,5,5,5,3,1,4,5,1,5,1
734,8,1,4,1,1,5,5,4,3,1,1,4,5,2,2,5
735,8,2,3,2,1,4,4,4,4,3,2,2,4,4,3,4
736,8,1,1,1,2,5,4,4,3,1,2,2,5,2,4,4
737,8,1,3,1,1,5,5,5,2,1,1,4,5,2,2,5
738,8,1,2,1,2,5,3,5,3,2,1,1,5,1,5,4
739,8,1,2,1,1,5,5,5,2,3,1,3,5,1,5,5
740,7,2,2,1,2,4,5,4,5,1,1,2,5,1,2,5
741,9,3,3,3,4,4,4,4,2,4,3,4,4,4,3,1
742,9,3,1,4,4,2,2,5,4,4,2,5,2,3,3,1
743,9,2,1,3,4,4,4,5,2,2,2,1,3,3,4,3
744,9,2,4,4,5,4,2,5,3,2,2,4,4,4,2,1
745,9,3,4,4,4,2,2,4,2,2,1,3,1,4,2,1
746,9,4,2,3,4,4,5,5,3,3,2,4,3,4,2,1
747,9,4,4,4,5,2,4,5,1,1,1,4,4,5,1,2
748,9,2,4,5,4,5,5,3,1,3,4,5,5,4,1,3
749,3,1,1,1,2,3,5,5,5,1,1,1,5,1,5,5
750,8,1,3,2,4,5,5,5,3,2,2,4,5,3,4,4
751,6,4,4,1,2,5,5,5,5,1,1,4,5,2,4,2
752,2,3,4,5,5,5,4,4,2,1,1,5,5,1,5,1
753,2,5,2,4,5,4,5,3,3,3,2,5,5,1,3,1
754,2,4,3,5,5,5,5,2,1,4,2,5,5,4,2,1
755,2,3,5,4,4,4,4,4,3,3,3,4,4,5,4,3
756,7,1,1,1,1,4,5,4,4,3,1,2,5,1,4,4
757,1,1,1,1,5,4,4,3,1,5,4,5,5,3,3,1
758,1,1,1,2,1,4,5,5,1,5,1,2,5,5,5,1
759,1,4,1,2,5,2,5,1,1,5,4,4,5,2,5,2
760,1,1,2,4,4,5,5,5,1,5,1,1,4,4,4,5
761,9,5,5,4,2,4,2,4,2,1,2,5,5,5,2,1
762,9,4,1,3,4,3,4,5,1,3,2,1,5,5,2,1
763,9,2,1,3,1,3,4,4,3,2,3,4,3,4,4,1
764,9,3,2,4,5,3,5,5,1,4,5,1,3,5,4,1
765,9,5,5,4,4,4,4,5,4,2,3,5,5,5,2,1
766,9,4,4,3,4,5,2,4,3,4,3,5,5,4,2,1
767,9,3,4,4,4,5,4,4,1,3,3,5,5,4,4,1
768,9,4,2,3,5,4,5,4,1,3,3,4,4,5,3,1
769,9,4,2,4,5,4,2,4,1,4,4,5,4,5,5,1
770,3,1,1,3,1,5,5,5,5,1,1,3,5,2,5,5
771,8,1,2,1,4,4,4,5,3,2,2,5,5,2,4,4
772,6,2,4,1,4,5,5,5,5,1,1,4,5,3,3,5
773,6,1,4,2,2,4,4,3,5,1,1,4,5,3,3,2
774,6,2,3,2,1,4,4,4,4,2,1,4,3,2,4,3
775,2,5,3,3,4,4,4,3,3,4,4,4,1,2,5,2
776,7,1,2,1,1,5,5,5,4,2,2,1,5,1,5,5
777,4,5,4,5,5,5,2,4,2,2,5,5,3,5,4,1
778,1,1,3,3,4,5,4,5,1,5,3,5,4,5,3,3
779,9,4,1,4,4,4,4,4,4,3,2,4,4,5,2,1
780,9,2,2,1,4,5,4,5,1,3,4,5,3,5,1,3
781,6,3,3,1,4,5,3,4,5,1,2,5,5,4,3,3
782,6,1,3,2,3,4,4,4,4,3,1,2,4,1,3,2
783,6,3,4,1,2,5,5,5,5,1,2,1,4,1,2,4
784,2,3,1,5,5,2,1,5,4,3,3,5,2,5,5,1
785,2,4,2,5,5,5,4,4,1,5,3,4,4,5,5,1
786,2,5,5,5,5,2,2,4,2,4,2,5,4,5,5,1
787,2,4,4,5,5,2,4,5,2,4,3,4,2,5,4,2
788,7,1,1,1,1,5,5,5,4,1,2,1,5,1,2,5
789,7,2,1,1,2,4,5,5,5,1,1,4,4,2,2,5
790,7,1,2,1,1,5,5,5,4,1,1,4,5,1,3,5
791,4,5,4,4,5,1,1,2,1,5,5,5,3,5,5,1
792,1,3,2,4,3,4,5,3,1,5,3,5,4,5,2,4
793,1,2,1,2,1,3,5,4,1,5,1,4,5,4,4,4
794,9,5,1,5,5,4,2,5,2,5,2,2,5,5,2,1
795,9,4,3,4,4,1,5,3,1,5,4,5,4,4,2,4
796,9,4,4,4,5,4,4,4,3,3,1,4,4,5,2,2
797,3,1,1,2,4,5,5,5,4,1,1,1,5,1,5,5
798,3,1,1,1,4,5,5,5,5,1,1,1,5,1,5,5
799,3,1,1,1,2,3,5,3,5,1,1,1,5,1,5,5
800,8,1,2,3,4,5,3,5,1,1,1,5,5,3,1,3
801,8,2,4,3,4,5,4,5,4,2,1,2,5,2,3,4
802,6,1,4,1,3,5,4,3,5,1,1,5,5,2,3,3
803,6,2,4,1,2,4,4,4,5,1,1,4,5,4,4,3
804,6,2,4,1,4,2,5,5,5,1,1,4,5,5,2,2
805,6,1,2,1,1,3,1,5,4,1,1,4,5,3,4,4
806,7,1,4,1,2,3,5,4,4,2,1,4,4,2,5,4
807,7,1,2,1,2,5,5,5,5,3,1,3,5,2,3,4
808,9,4,5,4,5,4,3,5,2,3,4,5,5,4,1,1
809,9,4,4,4,3,5,4,4,3,2,3,4,5,1,4,1
810,9,4,1,5,5,2,0,0,0,2,0,0,0,0,2,1
811,3,1,2,1,3,2,5,4,5,1,1,1,4,1,4,5
812,3,1,1,1,2,4,4,5,5,1,1,1,5,1,5,5
813,8,1,4,1,2,5,4,1,3,3,1,5,3,2,4,4
814,8,1,2,1,1,2,5,5,4,1,3,3,4,3,3,3
815,8,1,1,1,2,4,4,5,4,3,1,2,5,1,4,4
816,8,1,2,1,1,3,3,5,4,1,1,1,3,2,4,4
817,8,1,3,1,4,4,5,5,4,1,1,4,5,2,3,4
818,8,1,1,1,2,5,4,4,0,5,1,0,4,4,4,1
819,8,1,2,2,2,4,5,4,3,3,3,2,4,1,4,4
820,8,1,2,1,1,4,4,4,3,3,1,3,4,3,2,3
821,8,1,1,1,4,5,5,5,2,2,1,2,5,2,3,5
822,8,1,1,2,5,5,5,4,4,2,1,4,3,4,4,4
823,4,5,4,5,5,1,1,5,1,3,5,5,3,4,5,1
824,1,3,5,3,4,3,3,4,1,5,3,4,5,4,3,1
825,9,4,4,3,5,5,3,3,2,3,1,4,3,3,4,1
826,9,5,5,5,5,3,1,4,1,4,3,5,3,4,5,1
827,9,2,2,2,5,2,2,5,3,1,1,5,3,3,4,1
828,9,4,5,4,5,5,5,4,1,4,1,5,5,5,4,5
829,6,2,1,1,1,5,3,4,5,1,1,3,5,1,2,3
830,2,3,1,5,5,4,5,1,1,3,4,4,2,1,4,2
831,7,1,2,1,2,4,4,5,5,1,1,1,5,1,2,5
832,7,1,2,1,1,5,5,5,5,1,1,1,5,1,4,5
833,1,1,1,1,1,5,5,5,1,5,4,3,3,4,5,3
834,9,3,2,3,5,3,5,5,2,3,2,5,5,2,4,2
835,9,2,4,4,2,4,4,5,2,4,3,1,0,4,4,1
836,7,1,2,1,1,5,5,5,5,1,1,3,5,1,5,5
837,7,1,2,1,1,5,5,5,4,1,5,4,5,2,5,5
838,7,2,2,2,2,5,5,4,4,2,2,1,5,4,4,4
839,4,5,2,5,5,3,1,4,5,4,3,5,4,5,4,1
840,1,1,4,4,3,5,5,2,1,5,4,4,4,4,5,4
841,9,2,3,4,5,4,4,3,3,4,3,5,4,4,3,1
842,9,2,3,3,4,4,4,4,5,1,2,3,5,3,5,2
843,9,2,4,2,4,4,4,4,2,3,2,4,4,4,4,3
844,9,5,2,5,5,1,1,2,2,4,2,5,4,4,1,4
845,9,2,4,1,1,4,4,4,4,2,2,4,3,4,2,4
846,8,2,4,4,4,1,5,5,4,3,1,4,3,2,3,4
847,2,2,2,5,5,4,5,5,3,4,3,2,4,3,5,1
848,2,5,4,5,5,4,4,5,3,4,2,5,4,4,1,2
849,2,3,4,5,5,4,5,3,2,3,1,1,5,4,5,3
850,2,4,4,5,5,4,4,1,1,5,4,5,2,5,5,1
851,2,4,4,5,5,4,5,5,1,3,3,3,4,4,5,3
852,7,1,1,2,1,4,5,5,5,1,1,1,5,1,5,5
853,7,1,4,1,2,4,5,4,5,2,1,4,5,1,4,4
854,4,5,4,5,5,3,4,4,1,3,4,4,1,5,2,1
855,4,5,4,5,5,1,2,3,1,5,5,5,1,3,4,1
856,1,1,2,3,2,1,2,2,1,3,1,5,5,4,4,2
857,1,3,2,4,2,2,4,2,1,5,2,4,2,4,4,1
858,9,2,4,4,4,5,5,5,4,1,1,4,5,4,4,1
859,9,4,2,5,5,4,3,4,3,5,3,5,5,5,4,1
860,3,1,2,3,4,5,5,5,5,1,1,1,5,1,5,4
861,8,2,4,1,4,4,4,5,3,2,1,5,4,3,1,5
862,8,1,4,1,4,4,5,4,5,1,1,4,4,2,4,4
863,8,1,1,1,1,5,5,5,4,4,1,5,5,2,5,5
864,8,2,2,2,4,5,4,5,3,1,2,2,4,2,4,4
865,8,2,4,2,5,5,5,4,4,1,4,2,5,4,4,2
866,8,3,1,3,4,4,4,5,3,3,1,1,5,3,3,3
867,6,2,4,2,3,4,4,5,5,1,1,4,5,1,5,5
868,6,2,4,2,4,5,5,5,5,1,1,2,5,1,4,4
869,2,4,2,3,4,4,5,2,3,1,1,4,4,4,4,2
870,2,4,3,5,5,4,2,4,3,4,2,4,4,4,4,1
871,7,1,2,1,3,3,5,5,3,1,3,1,5,2,4,5
872,7,1,1,2,3,4,5,5,5,3,1,3,5,3,4,5
873,1,3,2,3,3,4,5,5,1,5,2,3,4,4,5,1
874,9,4,3,4,5,4,4,5,3,4,2,4,4,5,2,1
875,9,4,2,5,5,2,4,5,3,5,2,5,4,5,4,1
876,9,3,1,5,5,3,5,5,3,4,3,3,5,4,3,4
877,9,5,2,5,5,2,2,5,3,3,1,5,3,2,2,1
878,9,3,2,5,5,4,2,4,3,4,3,4,4,4,3,1
879,9,4,4,4,5,4,5,4,3,4,1,5,4,2,2,2
880,3,1,2,1,1,4,5,5,5,1,2,1,5,1,5,5
881,3,1,2,1,1,5,5,5,5,1,1,1,5,1,5,5
882,3,1,2,2,4,4,5,5,5,1,1,2,5,2,4,5
883,8,1,4,1,4,2,2,4,3,5,2,1,3,4,4,4
884,2,4,4,5,5,4,3,3,2,1,4,5,5,3,4,4
885,2,5,5,5,4,2,4,4,1,4,4,5,4,5,5,2
886,2,4,1,5,5,5,1,4,3,1,4,5,5,4,5,1
887,2,4,4,5,5,4,3,4,4,4,2,5,5,2,4,2
888,2,4,2,4,4,4,5,3,3,4,3,5,4,5,4,2
889,2,4,1,5,4,2,5,4,1,3,4,5,4,5,5,1
890,7,3,4,3,3,5,5,3,3,3,1,4,5,2,4,2
891,4,5,3,5,5,1,3,3,3,5,5,5,3,5,5,1
892,2,4,4,5,5,5,4,2,1,2,3,4,3,5,5,3
893,2,5,5,5,5,4,3,4,3,3,4,5,1,5,5,1
894,2,2,3,5,5,3,5,3,4,5,4,3,5,4,5,5
895,2,4,4,5,4,4,4,4,4,3,2,5,3,3,4,3
896,7,1,4,1,4,5,5,5,5,1,1,4,5,1,4,5
897,7,1,2,1,3,4,4,4,3,1,1,2,3,4,3,4
898,7,1,2,2,2,5,4,4,4,2,2,2,4,4,4,4
899,4,3,3,5,5,2,2,2,1,5,5,5,2,3,5,1
900,3,1,1,1,4,4,5,5,5,1,1,1,5,1,5,5
901,2,1,5,4,4,3,1,5,1,1,1,5,5,3,5,1
902,2,3,2,2,2,2,2,4,5,3,1,5,4,4,4,3
903,9,2,5,4,2,5,2,4,3,1,1,3,4,4,2,1
904,7,2,3,1,1,4,4,5,4,2,2,4,5,3,2,5
905,7,1,3,1,4,5,5,5,4,2,1,4,5,3,4,5
906,7,3,4,1,2,4,5,5,3,2,1,3,4,1,2,5
907,1,1,5,1,5,5,5,5,1,5,1,5,5,5,3,1
908,1,3,2,1,1,4,5,5,2,1,3,5,5,5,4,4
909,9,5,4,4,5,4,2,4,3,1,1,5,4,5,4,1
910,9,2,3,3,4,2,2,0,3,3,4,4,4,4,5,1
911,9,3,4,2,4,4,5,4,3,4,2,2,4,4,5,4
912,9,4,2,3,4,4,3,4,2,4,3,4,3,4,3,1
913,3,1,1,1,2,3,5,5,5,1,1,2,5,1,5,4
914,8,2,3,2,3,4,1,4,3,2,2,2,4,2,3,3
915,8,1,3,1,1,5,5,5,3,3,3,2,5,1,4,5
916,8,1,1,1,4,4,5,2,4,2,1,2,5,1,2,4
917,8,2,4,2,2,5,5,5,4,1,2,5,5,5,1,2
918,6,2,5,2,2,5,4,5,4,1,1,2,5,3,4,4
919,2,3,4,5,5,2,5,4,3,3,2,3,4,4,5,3
920,2,5,5,5,5,4,3,3,1,3,1,5,5,5,5,1
921,2,4,4,5,5,2,3,5,2,3,2,5,4,4,3,1
922,7,1,1,1,1,5,5,5,5,1,1,1,5,3,3,4
923,7,1,2,1,4,5,5,5,5,1,3,2,5,1,4,4
924,1,2,3,1,1,4,5,5,1,5,3,5,4,3,3,1
925,1,3,1,2,3,4,5,5,2,4,2,5,5,5,5,3
926,1,4,2,3,4,4,5,4,1,5,2,5,4,5,5,1
927,9,3,1,5,4,4,1,2,1,2,2,4,2,3,1,1
928,9,4,2,4,4,2,5,5,3,3,2,4,3,3,4,4
929,3,1,1,1,2,5,5,5,5,1,1,1,5,1,5,5
930,3,1,1,1,1,5,4,5,5,1,1,1,5,3,5,4
931,6,2,2,3,1,4,5,5,4,1,1,5,5,3,5,4
932,6,4,4,2,3,4,4,5,5,3,2,4,4,3,2,2
933,2,3,2,4,5,3,5,2,1,5,2,5,3,5,5,1
934,7,1,1,3,1,4,5,4,4,1,3,2,5,1,3,5
935,7,1,2,3,1,5,5,4,4,1,1,3,5,3,4,4
936,7,1,4,3,1,5,5,5,3,3,1,1,5,1,4,5
937,9,5,5,2,2,5,4,5,1,4,2,5,5,4,2,1
938,9,2,3,3,5,5,1,4,3,3,1,2,4,5,3,1
939,9,3,2,4,4,5,4,2,4,2,4,5,5,4,4,3
940,8,1,2,1,1,5,5,5,1,1,1,4,5,2,1,4
941,6,2,4,2,5,4,5,5,4,4,1,4,5,4,4,3
942,6,3,4,3,4,4,4,4,4,1,1,4,4,4,3,4
943,6,1,4,1,5,1,4,3,4,3,1,4,5,5,2,2
944,6,1,2,2,2,5,4,4,5,1,1,2,4,1,2,2
945,2,4,2,5,5,4,4,5,2,5,2,5,5,5,5,1
946,4,5,4,5,5,1,2,2,3,3,4,5,2,5,5,1
947,4,5,3,5,5,1,2,3,2,3,4,5,2,5,5,1
948,4,5,4,5,5,3,5,5,3,1,5,5,3,5,5,3
949,9,3,4,5,4,2,4,4,2,5,3,5,4,5,3,2
950,9,4,4,2,2,4,4,4,1,3,4,4,4,4,2,2
951,9,4,2,5,4,4,5,5,2,4,2,5,4,5,4,2
952,9,3,4,5,4,2,2,4,2,5,3,5,4,5,4,2
953,9,4,4,2,5,2,4,5,3,4,3,4,5,5,5,4
954,9,3,4,5,5,4,5,5,4,5,2,3,5,5,3,3
955,9,4,2,4,5,2,2,4,1,5,3,5,4,5,4,2
956,3,1,1,4,5,5,5,5,5,1,1,4,5,1,5,5
957,3,1,1,4,5,5,5,5,5,1,1,4,5,1,5,5
958,3,1,3,3,3,5,5,5,4,2,1,1,5,2,4,5
959,3,1,2,3,4,3,5,2,1,3,1,4,5,1,3,3
960,3,1,2,2,5,5,5,5,4,2,1,4,5,1,5,5
961,3,1,1,1,5,4,5,5,4,2,3,2,5,1,3,4
962,2,3,4,4,4,4,5,3,3,3,1,5,3,2,4,1
963,2,4,2,5,5,5,5,5,1,5,1,5,5,5,3,5
964,4,4,4,5,5,1,3,3,3,4,4,5,4,5,5,1
965,9,4,4,5,3,4,1,4,2,1,2,5,4,5,1,1
966,9,3,1,3,3,4,4,4,2,3,2,3,4,4,2,3
967,9,4,2,4,5,3,4,4,2,2,3,3,4,5,2,2
968,9,4,2,5,4,2,5,4,3,4,3,4,5,5,2,1
969,9,4,4,4,4,4,2,3,1,1,1,5,3,2,4,1
970,8,1,2,1,2,5,5,5,1,4,1,1,5,3,1,4
971,6,2,1,3,2,1,5,4,4,1,1,4,5,2,5,2
972,6,4,4,1,2,5,4,5,5,1,1,5,5,4,1,1
973,2,3,4,4,1,4,5,4,3,1,1,5,3,4,4,1
974,2,4,4,3,5,4,5,3,3,2,2,3,4,4,5,1
975,2,5,4,4,4,5,2,4,2,3,4,5,4,5,5,1
976,2,2,2,5,5,5,2,3,4,3,2,5,2,4,4,1
977,2,3,2,5,5,5,4,4,3,4,1,5,4,5,5,4
978,5,5,1,5,4,1,2,4,1,5,2,5,1,5,4,1
979,7,1,1,1,4,4,4,5,5,1,1,4,5,1,5,5
980,7,1,1,1,2,3,5,5,5,1,1,4,5,3,3,4
981,7,1,2,1,2,3,3,5,5,1,1,1,5,3,4,4
982,8,1,2,3,1,5,5,4,3,1,2,2,4,3,3,4
983,6,1,4,1,1,5,4,2,5,1,1,4,5,2,3,4
984,2,3,4,3,5,4,4,0,3,0,3,5,3,4,0,3
985,4,5,4,5,5,3,1,3,2,3,4,5,3,5,5,1
986,8,1,4,1,2,5,5,5,1,3,2,4,5,1,1,5
987,8,1,3,1,2,4,5,5,3,3,2,2,4,1,4,5
988,2,2,4,4,3,4,4,3,2,3,3,4,3,3,4,2
989,7,1,1,1,2,3,4,1,4,1,1,1,5,1,1,5
990,9,4,3,2,4,5,4,4,3,1,3,4,4,3,3,3
991,9,3,4,3,2,5,4,4,1,3,4,2,3,4,4,2
992,9,4,4,4,4,4,2,4,2,3,3,5,4,4,4,1
993,9,4,4,4,5,5,4,4,1,4,3,5,4,2,1,1
994,6,1,5,1,5,5,5,1,5,1,1,5,5,1,1,1
995,2,2,1,4,3,5,4,4,3,1,1,4,3,4,3,1
996,1,1,5,1,5,1,5,5,1,5,1,5,5,2,5,1
997,9,2,2,2,1,3,4,4,1,3,1,4,4,4,5,1
998,9,4,3,3,4,2,3,5,2,2,2,5,4,4,4,1
999,9,4,4,3,5,5,3,4,2,4,3,3,5,4,3,1
1000,9,4,2,4,4,2,4,4,2,2,4,4,4,4,5,2
1001,3,1,2,2,1,4,5,5,5,1,1,2,5,1,5,5
1002,3,1,1,1,5,4,5,5,5,1,1,1,5,1,5,5
1003,6,3,2,3,4,4,5,5,4,1,1,3,5,3,4,4
1004,6,2,3,2,5,4,5,5,3,2,1,3,5,4,5,4
1005,7,2,4,2,2,3,5,5,5,3,1,5,5,3,4,4
1006,7,1,4,1,2,5,5,5,5,1,1,1,5,1,5,5
1007,7,1,2,1,2,5,5,5,5,1,1,3,5,2,4,4
1008,7,1,2,2,3,5,5,4,5,1,1,2,5,4,1,5
1009,1,4,4,5,4,3,4,4,1,5,1,3,3,5,4,2
1010,1,3,1,5,3,3,5,5,1,5,3,1,1,3,4,3
1011,1,1,2,5,3,5,5,4,1,5,1,2,5,5,2,2
1012,9,4,3,5,4,4,5,5,3,2,2,1,5,4,1,3
1013,9,2,2,4,5,4,5,2,1,1,3,5,3,4,3,1
1014,3,1,2,1,2,4,5,5,5,1,1,1,5,1,5,5
1015,3,1,2,1,2,5,5,5,3,2,1,4,5,1,4,5
1016,8,1,1,1,5,5,5,2,4,3,1,4,5,3,4,4
1017,6,3,3,1,1,5,4,4,5,1,2,5,5,4,4,5
1018,2,4,3,4,2,2,4,4,2,2,3,4,4,4,5,3
1019,2,5,5,5,5,4,5,3,2,4,4,5,5,5,5,2
1020,2,4,4,5,5,1,2,3,3,4,3,3,5,5,4,1
1021,7,1,1,1,1,4,5,4,4,1,1,2,3,1,5,5
1022,7,1,1,1,2,5,5,5,3,4,1,1,5,1,5,5
1023,7,1,2,2,1,5,5,5,4,1,1,1,5,1,5,4
1024,1,1,4,3,5,4,5,4,1,5,4,2,5,4,4,2
1025,1,2,2,2,5,4,5,5,2,5,2,5,5,4,2,2
1026,9,4,4,5,5,3,5,5,1,4,4,5,2,4,5,1
1027,9,2,3,4,5,2,4,4,3,3,3,4,4,3,3,1
1028,9,3,4,5,5,4,5,3,2,3,2,5,3,5,5,2
1029,9,3,4,5,5,4,5,3,2,3,2,5,3,4,3,1
1030,9,4,5,5,4,2,2,4,4,4,2,5,1,5,2,1
1031,9,4,1,4,5,2,5,3,1,5,1,5,3,4,5,1
1032,9,4,4,4,5,4,5,4,2,3,4,4,3,5,2,2
1033,8,1,1,1,3,4,3,5,4,4,3,3,5,3,2,3
1034,2,3,2,2,4,2,2,4,4,1,2,5,4,4,3,1
1035,7,1,2,1,2,5,5,5,5,1,1,2,5,2,5,5
1036,1,2,2,3,2,1,4,3,1,5,3,5,5,5,3,3
1037,9,3,4,3,4,3,3,5,3,3,2,5,4,4,3,2
1038,9,1,3,3,2,5,2,5,2,1,1,4,2,2,2,1
1039,9,2,1,1,4,0,4,4,4,0,3,5,4,1,4,1
1040,3,1,1,1,2,5,5,5,4,1,1,4,5,2,4,5
1041,3,1,2,1,3,5,5,5,5,1,1,1,5,1,5,5
1042,6,4,4,1,4,5,5,3,4,3,2,5,5,2,1,5
1043,4,5,3,5,5,2,5,2,1,5,4,5,1,4,5,1
1044,1,1,1,3,3,5,5,4,1,4,3,3,5,3,3,3
1045,9,2,5,1,4,4,3,3,2,3,2,3,2,4,2,1
1046,9,2,2,2,1,3,2,4,1,4,2,5,3,4,5,4
1047,9,4,5,1,5,4,1,4,2,4,3,4,3,4,2,1
1048,9,2,1,1,5,4,1,4,1,1,3,2,3,4,4,2
1049,9,2,4,1,2,3,4,3,4,3,2,5,0,2,2,2
1050,9,3,3,2,5,4,4,5,2,0,2,4,0,4,4,2
1051,3,1,1,2,1,4,5,5,5,3,1,3,5,1,5,5
1052,6,4,2,1,1,2,5,4,4,1,1,3,5,3,3,5
1053,6,4,1,2,2,2,3,5,5,2,2,4,5,0,2,4
1054,2,5,4,5,5,4,5,4,3,4,2,5,5,5,5,4
1055,2,5,3,5,4,5,5,2,3,2,2,5,5,3,5,4
1056,2,3,5,5,5,4,3,4,2,3,1,4,5,4,5,3
1057,2,5,4,5,4,4,4,2,1,3,3,5,4,5,3,3
1058,2,3,1,5,3,5,5,1,2,3,1,1,1,4,5,1
1059,7,1,1,3,1,5,5,5,4,3,1,3,5,1,5,5
1060,1,1,4,2,2,3,5,4,1,4,3,2,2,2,5,4
1061,1,1,1,2,3,1,5,1,1,5,2,1,4,3,5,2
1062,9,3,4,4,2,4,5,3,2,1,3,4,5,4,2,2
1063,9,4,4,1,1,5,5,4,1,1,3,5,5,4,5,1
1064,9,3,4,1,4,5,5,4,1,4,4,4,5,4,5,1
1065,8,1,2,1,3,5,5,4,3,3,2,4,3,5,3,5
1066,6,1,5,1,5,5,1,5,5,1,1,5,5,1,5,1
1067,2,4,4,4,4,4,4,4,2,1,2,4,4,4,2,2
1068,2,1,1,2,1,3,5,4,4,3,2,5,5,5,2,4
1069,2,4,4,4,1,4,5,4,2,4,2,4,4,4,4,2
1070,2,3,1,5,4,5,3,1,1,5,3,5,3,5,5,3
1071,1,2,4,1,4,3,4,4,1,5,5,4,1,5,4,1
1072,1,2,2,1,4,1,5,1,1,5,5,5,1,4,5,1
1073,2,2,1,3,4,3,4,4,3,4,3,4,4,4,4,3
1074,7,4,4,1,2,5,5,4,2,2,2,2,5,4,5,5
1075,9,3,4,1,3,5,3,4,4,5,2,5,5,5,3,2
1076,9,4,4,4,4,4,4,5,4,1,1,4,5,5,2,1
1077,9,2,4,3,2,4,4,4,4,2,4,4,4,4,2,1
1078,9,4,4,4,4,4,5,5,3,3,2,4,4,4,4,3
1079,8,1,1,1,4,1,1,2,2,3,1,4,5,1,4,4
1080,2,2,5,3,4,5,5,5,3,3,4,4,5,5,4,1
1081,7,1,1,1,1,2,4,5,5,1,1,1,5,1,2,5
1082,9,2,1,4,5,5,5,3,4,2,1,3,5,4,2,1
1083,9,2,5,3,4,5,5,5,3,5,3,3,5,4,5,1
1084,9,1,1,4,4,3,4,0,4,2,1,0,4,4,4,2
1085,9,4,5,5,5,4,2,4,1,1,1,5,4,5,4,1
1086,8,1,1,1,1,4,4,5,3,1,1,4,5,1,4,4
1087,8,1,2,1,2,5,4,5,4,2,1,2,5,3,2,4
1088,8,1,1,1,1,4,4,5,4,3,1,1,5,1,4,5
1089,8,1,1,1,1,5,5,5,5,1,1,4,5,1,4,4
1090,8,1,2,1,1,5,5,5,4,1,2,2,5,2,2,1
1091,8,2,3,1,1,5,5,5,3,3,1,3,4,1,2,5
1092,8,1,2,1,1,5,4,4,3,2,1,4,4,1,4,4
1093,6,1,5,1,4,5,5,5,5,1,1,5,5,5,2,5
1094,6,1,4,1,1,4,4,5,4,1,1,2,4,1,4,2
1095,2,4,4,4,5,2,5,4,1,3,1,5,4,5,5,1
1096,2,4,4,4,4,1,4,2,1,5,2,5,3,5,4,1
1097,2,2,4,3,3,2,5,0,3,4,1,5,3,5,5,3
1098,2,5,1,5,5,1,1,5,1,5,1,5,5,5,5,1
1099,5,5,1,5,5,1,1,1,1,5,5,5,1,5,5,1
1100,7,1,2,1,1,5,5,5,5,1,1,2,5,1,4,5
1101,7,1,1,1,1,4,5,5,4,1,1,2,5,1,4,5
1102,1,3,1,4,5,1,1,5,1,5,4,5,4,5,4,1
1103,9,4,2,5,5,3,1,4,3,2,3,5,3,3,3,2
1104,9,2,2,3,3,4,2,5,2,2,2,4,4,2,4,1
1105,9,2,4,4,5,5,1,5,5,1,1,5,1,1,1,1
1106,9,1,2,2,4,5,5,4,3,2,3,1,4,2,4,2
1107,9,4,2,1,5,2,5,5,1,5,4,5,5,5,2,1
1108,9,1,1,3,4,4,5,2,1,4,2,5,5,4,4,1
1109,7,1,2,1,1,4,5,5,1,3,2,4,5,3,5,5
1110,7,1,2,2,2,4,5,5,5,1,1,3,5,1,4,4
1111,7,1,3,1,1,4,5,5,3,3,1,3,5,2,4,5
1112,7,1,1,1,2,5,5,5,2,3,1,1,5,1,4,5
1113,4,5,3,5,5,1,3,4,2,5,4,5,3,4,4,1
1114,1,2,4,3,5,5,5,3,1,3,3,5,5,4,2,3
1115,9,3,3,4,4,5,5,4,2,2,1,4,2,3,4,1
1116,9,5,2,5,4,2,3,4,5,2,4,2,3,4,5,1
1117,8,1,2,1,2,5,2,4,3,1,1,4,1,3,3,3
1118,2,1,2,3,4,5,4,4,4,3,1,4,5,4,5,1
1119,7,1,1,1,4,4,5,5,5,1,1,4,5,1,2,5
1120,7,1,2,1,4,4,5,5,4,1,1,4,5,1,2,4
1121,4,5,3,4,5,4,4,2,1,4,3,2,4,5,5,1
1122,1,2,1,3,3,5,3,4,1,5,2,4,5,5,3,3
1123,1,4,5,3,2,5,3,2,1,4,3,5,5,4,3,4
1124,1,1,4,1,4,5,4,3,1,5,2,4,4,5,5,1
1125,1,3,2,1,4,4,5,3,1,5,3,3,2,2,5,1
1126,9,3,4,2,4,3,1,5,3,3,5,4,4,4,4,1
1127,9,4,1,4,5,5,5,5,5,4,4,4,5,5,1,1
1128,9,2,4,4,4,3,4,4,2,3,3,4,5,3,4,2
1129,9,4,2,2,5,5,5,5,2,4,1,5,4,4,2,3
1130,9,3,3,2,4,5,3,4,1,3,1,5,5,4,3,1
1131,3,1,1,1,1,5,5,5,5,1,1,3,5,1,5,5
1132,8,2,2,1,2,4,3,4,3,2,3,3,4,3,2,4
1133,8,1,3,2,1,4,4,4,4,2,2,2,4,3,4,3
1134,8,1,2,1,1,4,5,5,3,2,2,1,4,4,4,2
1135,8,1,1,1,3,5,4,5,3,1,1,2,5,1,3,5
1136,8,1,3,1,1,4,5,5,5,1,1,5,5,1,5,5
1137,8,1,2,1,2,1,5,4,3,3,2,2,5,4,5,3
1138,8,1,3,1,1,5,5,5,3,1,2,4,4,3,3,2
1139,8,1,2,1,1,5,5,5,3,0,3,4,5,5,5,3
1140,8,1,4,2,1,5,3,5,3,3,2,3,3,1,3,3
1141,6,1,4,1,2,3,4,5,5,1,1,3,5,3,2,2
1142,6,1,2,1,1,5,4,4,5,2,1,5,2,2,2,4
1143,7,1,1,1,1,4,5,5,5,1,1,2,5,1,5,5
1144,7,1,2,1,1,4,5,5,5,1,1,3,5,2,5,5
1145,7,1,4,2,1,5,5,5,4,3,2,2,5,1,5,5
1146,9,4,2,5,5,4,2,4,3,4,3,4,4,5,2,1
1147,9,4,2,3,4,4,1,4,4,3,3,4,4,3,4,1
1148,3,1,2,3,4,1,5,5,4,4,1,1,5,3,5,5
1149,8,1,2,1,4,5,5,5,5,1,1,2,4,1,2,5
1150,8,1,4,2,2,5,4,5,5,1,1,4,5,2,2,4
1151,9,4,4,2,4,4,4,5,2,2,2,1,2,4,4,2
1152,8,1,1,1,4,2,2,5,2,3,1,1,5,2,5,1
1153,8,1,3,1,2,4,5,5,2,1,1,1,3,1,4,1
1154,8,2,3,2,2,3,5,4,4,1,1,2,4,1,5,4
1155,8,2,3,2,2,5,5,3,4,2,2,4,3,4,4,2
1156,8,1,1,1,2,4,5,5,3,3,1,1,5,2,5,1
1157,8,1,2,1,4,4,5,4,5,2,2,4,4,3,4,4
1158,7,1,4,1,1,4,5,5,5,1,1,4,5,1,4,4
1159,7,1,1,1,2,4,5,4,4,1,1,2,5,2,2,4
1160,7,1,1,1,2,5,5,5,5,1,1,4,5,2,2,5
1161,9,5,2,4,4,4,1,5,3,4,2,5,4,5,2,1
1162,9,4,2,5,5,4,2,4,3,4,2,5,4,5,2,1
1163,9,2,3,2,3,4,2,4,2,4,1,4,1,4,4,1
1164,9,4,4,4,4,5,4,5,2,1,3,5,4,5,4,3
1165,9,5,5,5,5,4,1,4,5,4,2,5,2,4,2,1
1166,3,1,3,1,1,5,5,5,5,1,1,2,5,1,5,5
1167,3,1,1,1,5,3,5,5,5,1,1,1,5,1,5,5
1168,8,2,2,1,4,5,2,5,4,2,2,4,4,3,2,4
1169,8,2,3,1,2,4,2,4,2,1,3,1,4,3,3,4
1170,8,1,1,1,1,5,2,5,4,2,1,1,4,1,2,4
1171,8,1,3,1,1,4,4,5,3,1,1,3,3,3,4,4
1172,8,1,4,1,2,5,5,5,5,1,1,2,1,4,1,4
1173,8,1,2,1,2,5,5,5,4,1,2,2,5,1,5,4
1174,8,1,2,1,1,2,5,5,2,2,1,4,5,1,4,4
1175,8,1,2,2,2,4,5,4,4,2,3,4,5,1,4,4
1176,8,1,3,2,4,5,5,4,3,2,1,2,4,2,4,4
1177,8,5,4,2,4,5,5,5,5,1,4,3,5,1,1,1
1178,6,3,1,2,3,4,5,5,5,1,1,4,5,1,3,5
1179,6,2,4,2,4,5,4,5,4,1,1,4,5,5,3,4
1180,2,4,2,5,5,2,2,5,1,3,2,4,4,4,5,1
1181,2,5,4,4,5,3,2,2,1,5,2,5,5,5,5,1
1182,2,4,4,4,5,4,3,4,3,2,1,5,3,4,3,1
1183,4,5,4,5,5,1,3,3,5,4,4,5,3,4,5,1
1184,1,2,4,3,4,4,4,3,1,5,3,3,3,4,4,2
1185,9,1,1,1,4,1,2,5,1,4,4,2,4,5,2,2
1186,9,4,4,1,1,1,5,4,2,4,1,5,5,4,5,1
1187,9,3,5,3,3,3,4,4,3,3,2,5,4,3,3,1
1188,9,4,4,4,5,4,2,5,1,5,2,4,5,5,4,2
1189,9,4,4,3,5,4,2,5,2,3,4,4,4,3,4,2
1190,8,2,4,1,4,5,2,4,2,2,2,4,5,4,2,2
1191,8,1,4,1,1,4,2,5,3,1,3,3,5,2,4,5
1192,8,2,2,1,2,4,4,5,2,1,1,2,5,3,2,5
1193,8,2,4,1,2,4,3,5,3,2,1,2,5,3,3,4
1194,8,1,3,1,2,4,4,5,4,2,1,4,5,4,3,4
1195,8,1,5,1,1,5,5,5,3,1,1,3,5,2,5,1
1196,8,4,4,4,4,5,5,5,4,4,2,1,5,4,5,4
1197,6,3,5,1,4,5,5,5,4,1,1,1,5,2,4,4
1198,6,3,4,1,4,5,5,3,4,2,1,4,5,3,4,4
1199,6,2,1,3,1,5,5,5,5,1,1,4,5,1,3,5
1200,6,2,1,3,1,5,5,5,5,1,1,4,5,2,4,5
1201,6,2,1,3,4,5,1,4,5,1,1,0,0,0,0,0
1202,6,1,2,1,1,4,5,5,4,2,1,4,4,3,4,4
1203,2,5,2,4,5,4,2,4,1,5,1,5,5,5,5,1
1204,2,5,5,5,5,5,1,5,1,5,1,5,5,5,5,1
1205,2,4,5,3,5,5,1,5,3,2,2,5,3,4,3,1
1206,2,4,4,3,4,5,5,4,5,5,2,5,5,4,3,1
1207,2,4,5,5,5,4,5,3,1,3,1,5,5,5,5,1
1208,7,1,4,1,4,5,5,4,3,3,3,4,4,2,4,4
1209,4,5,3,5,5,3,3,4,3,3,5,5,1,5,5,1
1210,1,2,2,2,5,1,2,4,1,5,3,5,4,4,5,3
1211,9,5,4,5,5,4,2,4,1,4,3,5,4,5,4,3
1212,9,2,4,4,5,4,1,4,1,4,3,5,3,4,2,1
1213,9,5,4,5,5,2,4,5,1,4,2,5,4,5,1,1
1214,3,1,1,3,3,5,5,5,5,1,1,1,5,1,5,5
